#,Title,Category,URL,Comment,Posted?
1,The Great Porn Experiment | Gary Wilson | TEDxGlasgow,TED / TEDx,https://www.youtube.com/watch?v=wSF82AwSDiU,"Worth knowing before you watch: TED attached a note to this one saying some claims aren't well supported by the medical literature. Doesn't make it worthless, it's the talk that got a lot of people thinking about this at all, but treat it as a starting point rather than settled science. If a specific claim here matters to you, go look up the study behind it.",
2,Pornography Isn't Your Problem | Jason Mahr | TEDxCincinnati,TED / TEDx,https://www.youtube.com/watch?v=vIgWMzdgweI,"The reframe is the useful part. If porn is the coping mechanism rather than the problem, the question stops being ""how do I resist harder"" and becomes ""what am I coping with."" Practical version: for a week, don't try to quit, just write down what you were feeling in the ten minutes BEFORE, not during. The pattern usually shows up fast.",
3,Why I stopped watching porn | Ran Gavrieli | TEDxJaffa,TED / TEDx,https://www.youtube.com/watch?v=gRJ_QfP2mhU,"Fair warning that this is more an ethics-and-values talk than a how-to. He's making an argument about what porn does to how we see people, not handing you a quitting method. Useful for the ""why"" if your motivation keeps evaporating, but pair it with something practical.",
4,Changing the narrative around the addiction story | Cameron Staley | TEDxIdahoStateUniversity,TED / TEDx,https://www.youtube.com/watch?v=mNGg5SMcyhI,"This is essentially ACT applied to compulsive behaviour, and the distinction he draws matters: moving toward something you value holds up better than moving away from something you hate about yourself. Shame-driven streaks tend to snap. Values-driven ones bend.",
5,Escaping Porn Addiction | Eli Nash | TEDxFortWayne,TED / TEDx,https://www.youtube.com/watch?v=dbYWKVAeu6Y,"The thing he lands on is the thing most people skip. Secrecy is load-bearing here, and it stays load-bearing until you tell one actual human being. Not the internet, not a comment section, one person who knows your name. That single conversation does more than most apps.",
6,Let's Talk Porn | Maria Ahlin | TEDxGoteborg,TED / TEDx,https://www.youtube.com/watch?v=DBTb71UzPmY,"Useful one for parents and teachers specifically. It's about porn as a cultural and educational problem rather than an individual's habit, so if you came looking for personal recovery steps this isn't that, but it's a good primer on what kids are actually walking into.",
7,Why we need to talk about porn | Jo Robertson | TEDxChristchurch,TED / TEDx,https://www.youtube.com/watch?v=TCY2dOf2eMs,"She works in this professionally in New Zealand and it shows. Good one to send to a parent who wants to have the conversation but has no idea how to open it. The core point is that silence isn't neutral, kids just fill the gap with whatever they find.",
8,Healing Addictive Behaviors: My Porn Story | David Norwell | TEDxSurrey,TED / TEDx,https://www.youtube.com/watch?v=HcbUgEB5A98,"This is a personal story rather than a method, which is worth knowing going in. Stories are genuinely useful for the ""I'm not the only one"" part, which is not nothing. But if you're trying to actually change something this week, watch it and then go find something structured.",
9,How porn is destroying young men | Gary Wilson (Key Points Talk),TED / TEDx,https://www.youtube.com/watch?v=3adhnLRoxig,"Heads up that the framing is strong and the underlying science is contested. There are researchers who'd push back hard on the ""destroying"" part. Watch it, then watch someone who disagrees, and notice which one is arguing from evidence and which from certainty. That's a useful skill in this whole genre.",
10,"Rethinking Porn: Why Shame, Not Sex, Is the Problem | Paulita Pappel | TEDxMunchen",TED / TEDx,https://www.youtube.com/watch?v=1mrUIt8CDfI,"Genuinely valuable as a counterweight to most of what's in this space. Her argument is that distress often comes from the conflict between the behaviour and your beliefs rather than the behaviour itself. You don't have to agree with all of it, but if shame is the loudest part of your experience, this is worth sitting with.",
11,Porn The New Tobacco | Jack Fischer | TEDxBinghamtonUniversity,TED / TEDx,https://www.youtube.com/watch?v=M9pPgIraoOM,"The tobacco analogy is rhetorically strong but it does break down, and it's worth noticing where. Nicotine has a measurable physical dependency profile that this doesn't. That doesn't mean the behaviour isn't a problem for people, just that borrowed metaphors can smuggle in claims nobody has actually tested.",
12,We Need To Talk About Sex Addiction - Paula Hall - TEDxLeamingtonSpa,TED / TEDx,https://www.youtube.com/watch?v=-Qf2e3XZ8Tw,"Paula Hall is an actual clinician who treats this, which makes this one different from most talks in the genre. If a talk has convinced you that you want help but you don't know what ""help"" looks like, she's a good bridge to understanding what therapy for this actually involves.",
13,Growing Up in a Pornified Culture - Gail Dines - TEDxNavesink,TED / TEDx,https://www.youtube.com/watch?v=_YpHNImNsx8,"Worth setting expectations: this is a sociological and feminist critique of porn culture, not clinical advice about compulsive use. Two different conversations that get tangled a lot. Both are legitimate, but if you're here for help with your own habit, this isn't aimed at you.",
14,6 Dangerous Stages of Porn Addiction,General / Overview,https://www.youtube.com/watch?v=w_eG8ulIYug,"Stage models like this are useful as a map and unhelpful as a verdict. Most people don't move cleanly through numbered stages, and deciding you're at ""stage 5"" mostly just adds dread. Use it to notice direction of travel, not to diagnose yourself.",
15,How to Overcome Porn Addiction,General / Overview,https://www.youtube.com/watch?v=8Gqb2vhQmxI,"The five-step framing is fine, but the step people skip is the boring one: making it physically harder. Not because willpower is fake, but because willpower is a limited budget and you shouldn't spend it on a decision you could have removed entirely. Phone out of the bedroom does more than any mindset shift.",
16,Pornography Addiction and Treatment Strategies,General / Overview,https://www.youtube.com/playlist?list=PLcB3trehXswg3yz_CGjlkGGDM3FDFb2OZ,Good playlist if you want something structured rather than the algorithm handing you a random video whenever you're already struggling. That last part matters more than it sounds. Watching recovery content at 1am mid-urge is usually just a different way of staying in the loop.,
17,Breaking the Cycle of Pornography (Porn) Addiction,General / Overview,https://www.youtube.com/watch?v=F0w_7_96CJc,"One thing worth adding: the cycle described here usually has a quieter step before the obvious one. Boredom, or a small rejection, or being tired. If you only start paying attention at the urge, you're already very far downstream. The intervention point is earlier than it feels.",
18,Urologist Explains how to break the cycle of porn addiction,General / Overview,https://www.youtube.com/watch?v=E0AZMtVTIjk,"Useful to hear this framed medically rather than morally. A urologist talking about it as a functional issue tends to land differently for people who've tuned out the shame-based version entirely, which is a lot of people.",
19,THIS VIDEO WILL END YOUR PORN ADDICTION (Breaking Free From Addiction),General / Overview,https://www.youtube.com/watch?v=r6x7BBXyUJc,"No single video ends anything, and that's not a criticism of this one, it's just worth saying out loud. The realistic version is that a video can give you one idea you actually use. If you watch this and change nothing by tomorrow, the problem isn't that you need a better video.",
20,How to Stop Porn Addiction (Never Relapse Again),General / Overview,https://www.youtube.com/watch?v=s4tJmFL20Us,"""Never relapse again"" is a promise nobody can keep, so hold that part loosely. The useful frame is that relapse is data rather than verdict. What you do in the 48 hours afterwards matters far more than the slip itself.",
21,Am I Addicted to Porn? What is Porn Addiction?,General / Overview,https://www.youtube.com/watch?v=3WOT4NWEFdU,"Self-assessment is helpful but hold it loosely. Frequency alone tells you very little. The questions that actually discriminate are whether it's escalating, whether you've tried to stop and couldn't, and whether it's eating things you care about. Those three matter more than a number per week.",
22,How to Quit Porn Fast - The 3 Brain Recovery Stages,General / Overview,https://www.youtube.com/watch?v=3Qm_vOm0c6Y,"Stage models for recovery are more useful than stage models for addiction, because at least you're measuring something you're building. Just don't expect the stages to arrive on schedule. Most people ping-pong between two of them for a while before anything settles.",
23,How to Kick Your P**n Habit in 35 Minutes,General / Overview,https://www.youtube.com/watch?v=QJvHglNMsqc,"Anything promising a fix in a fixed number of minutes is selling the decision, not the change. Which can still be worth something, honestly, a lot of people are stuck at the deciding stage. Just know that's the bit being addressed here.",
24,"If you can't quit p*rn, this is for you",General / Overview,https://www.youtube.com/watch?v=fiP4GtAUm5I,"If you're watching this because you've tried and failed several times, the useful reframe is that repeated attempts are how this usually goes, not evidence you're incapable. Most people who eventually stop have a long string of failed attempts behind them. That string is part of the process, not a separate thing.",
25,WARNING - Po*n Addiction is Destroying You - 5 Ways to STOP it NOW! Ashu Ghai,General / Overview,https://www.youtube.com/watch?v=Bw47gpm0doU,"Fear-based motivation works for about a fortnight and then stops. Worth knowing that going in, because when it stops working people assume they've lost their motivation permanently. You haven't, you just used up the fuel that particular tank holds.",
26,How to Stop Porn Addiction - Dopamine Hijack,General / Overview,https://www.youtube.com/watch?v=xDJKMqVfUXM,"""Hijack"" is a decent metaphor but it can make you feel like a passenger in your own head, which isn't helpful. The system is doing exactly what it evolved to do with an input it never evolved for. You're not broken, you're well-adapted to the wrong environment.",
27,How to Quit Porn Permanently,General / Overview,https://www.youtube.com/watch?v=7-qSrapHAbQ,"""Permanently"" is doing a lot of work in that title. A more honest target is that it stops being the thing organising your week. Plenty of people get there. Fewer get to a state where the thought never crosses their mind again, and aiming for that mostly just creates fresh failure conditions.",
28,Quit Porn Addiction (playlist),General / Overview,https://www.youtube.com/playlist?list=PL25QZ983cgFza_HY6CYUR6AwaU5Ohi9Tq,"Playlists are underrated for this, mainly because they stop you from doom-searching. One practical note: watch these at a time when you're fine, not at the moment you're struggling. Building understanding and managing an urge are different jobs.",
29,How to Finally Quit Porn (playlist),General / Overview,https://www.youtube.com/playlist?list=PLXvTERtQ_HV-W336WBH3J1YLv08XtI3l9,Good playlist. General tip for this whole genre: pick one source and go deep rather than sampling twenty. The advice contradicts itself across creators and the contradictions will paralyse you more than any single piece of mediocre advice would.,
30,Quit any addiction - The Easypeasy way to quit the p*rn,General / Overview,https://www.youtube.com/watch?v=N7r_joacY7M,"The Easypeasy approach borrows heavily from Allen Carr's smoking method, which is worth knowing because it tells you the mechanism: it's trying to dismantle the belief that you're giving something up. Works well for some people and does nothing for others. Worth a try since it costs you an afternoon.",
31,Get Rid Of Porn Addiction (playlist),General / Overview,https://www.youtube.com/playlist?list=PL8oIhEcE-S08cRKcMCU1GAJbqYTo7s9gj,"Another playlist for the collection. Quick practical note: if you find yourself with six recovery playlists saved and no actual change, that's a recognised pattern. Consuming content about the problem can become its own comfortable substitute for addressing it.",
32,How to Quit Porn,General / Overview,https://www.youtube.com/watch?v=kLcKgzKA1cw,"Straightforward title, straightforward video. If you want one thing to do after watching: pick the single easiest friction point to add and do it now rather than planning a system. Tonight's version of you needs an obstacle, not a strategy.",
33,How to Quit Porn Addiction? Control Your 5 Senses & Take Back Your Mind,General / Overview,https://www.youtube.com/shorts/imcNFo-h--Q,"The sensory-control angle is essentially attention management, which is a reasonable frame. Where it gets practical is noticing that the decision usually happens before the conscious decision, in the fifteen minutes of aimless scrolling nobody counts as part of the episode.",
34,Break Free Porn Addiction (playlist),General / Overview,https://www.youtube.com/playlist?list=PLqW69KdNDKiRAu5HaIXrgADfJ_lRa_QDP,"Playlist rather than a single video, useful if you want to work through in order. Worth keeping a note of which specific ideas you actually tried, because after a dozen videos they blur and you'll swear you've tried everything when you've mostly just watched everything.",
35,You Will NEVER Watch P*RN Again,General / Overview,https://www.youtube.com/watch?v=OuByQWowjKA,"Absolute statements like this are motivating right up until the first bad night, at which point they become evidence you've failed completely. If you take anything from a video like this, make it a direction rather than an absolute, because the absolute version is fragile in exactly the moment you need it not to be.",
36,What Is Porn Addiction? BlockP,General / Overview,https://www.youtube.com/watch?v=G8ywHlk5rNc,"Useful as a plain definitional overview if you're at the ""is this even a thing"" stage. Worth knowing the terminology is genuinely unsettled: ""porn addiction"" isn't a formal diagnosis, though ICD-11 does recognise compulsive sexual behaviour disorder. Different clinicians will frame the same situation differently.",
37,When does watching porn become an addiction?,General / Overview,https://www.youtube.com/watch?v=8QSf9ux6hAA,"This is the right question and the honest answer is that there's no clean line. Most practitioners look at loss of control, escalation, continued use despite consequences, and distress. Notice that ""how often"" isn't really on that list. Two people at identical frequency can be in completely different situations.",
38,The Hidden Roots of Porn Addiction,General / Overview,https://www.youtube.com/watch?v=zke9BSap7Tk,"Root-cause framing is useful as long as it doesn't become a reason to postpone. You can work on the underlying stuff and reduce the behaviour at the same time, and for most people the second one makes the first one easier, not harder. Waiting until you've fully understood yourself is its own kind of avoidance.",
39,Quit Porn & Rewire Your Brain In ONLY 16 Weeks | NoFap Reboot,NoFap / Reboot,https://www.youtube.com/watch?v=KiGRlQocxow,"Sixteen weeks is a plausible ballpark and also completely made up for you specifically. Some people feel meaningfully different in three weeks, some in eight months. The number is useful as ""this takes a while, settle in"" and unhelpful as a deadline you can fail.",
40,The 2 STEP PROCESS To Quit Porn & Reboot Your Brain | NOFAP SUCCESS,NoFap / Reboot,https://www.youtube.com/watch?v=16-UQy3K5rE,"Two-step frameworks are always a bit tidy for something this messy, but the general shape is right. The part worth underlining is that the second step, replacing rather than just removing, is what determines whether month three holds. Removal alone leaves a hole and the hole gets filled.",
41,CHANGE YOUR BELIEFS To Quit Porn & Reboot Your Brain | NOFAP SUCCESS,NoFap / Reboot,https://www.youtube.com/watch?v=UU5YVFCoyI8,"Belief change is slower than behaviour change and that's worth knowing upfront. You'll probably act differently before you feel differently about yourself, and there's a gap in between where it feels fake. That gap is normal, not evidence it isn't working.",
42,7 Things You Can Do To SPEED UP NoFap Recovery | NoFap Reboot Faster,NoFap / Reboot,https://www.youtube.com/watch?v=F6XFssY_bvc,"Sleep is the item on lists like this that people skip and shouldn't. Tiredness wrecks impulse control more reliably than almost anything else, and most relapses cluster late at night for exactly that reason. Fixing your bedtime is unglamorous and does more than most of the rest of it.",
43,How much does a relapse set back your porn reboot?,NoFap / Reboot,https://www.youtube.com/watch?v=H2f3oaJfkLk,"Good question to have answered honestly. The ""back to zero"" framing is the genuinely harmful bit of streak culture. Whatever changed over six weeks does not evaporate in one evening, and treating it like it does is what turns one slip into a fortnight.",
44,Porn Reboot NoFap Flatline: How to Make NoFap Better with Dr. Trish Leigh,NoFap / Reboot,https://www.youtube.com/watch?v=w7gyTwfO9QU,"Flatline is the part nobody warns people about, and then it arrives and they assume they've broken something. Worth knowing it's a commonly reported phase, it's temporary for most people, and it is not a reason to ""test"" whether things still work.",
45,How To SPEED UP Your Porn Reboot With ONE DAILY HABIT,NoFap / Reboot,https://www.youtube.com/watch?v=mv9lDQdI08Q,"Single-habit advice is usually oversold, but the underlying logic holds: one thing you do daily regardless of mood beats an elaborate system you abandon in week two. Doesn't hugely matter which habit. Matters a lot that it's small enough to survive a bad day.",
46,3 Tips To RECOVER From A PMO RELAPSE | NoFap FAILED Again,NoFap / Reboot,https://www.youtube.com/watch?v=giasef0M1Bk,"The most useful thing after a relapse is boring: what happened in the two hours before. Not self-analysis about your character, just the actual sequence. Tired, alone, scrolling, bored. You're collecting data on a pattern, not building a case against yourself.",
47,How long will it take to reboot my brain from porn?,NoFap / Reboot,https://www.youtube.com/watch?v=ODx7aYIDIm8,"Honest answer is that nobody can give you a real number, and anyone who does is guessing. Rough consensus is weeks to months for most of the noticeable stuff, longer for some. Frustrating answer, but a made-up precise one is worse.",
48,What Can Happen If You DON'T QUIT PORN & REBOOT YOUR BRAIN (NOFAP FAIL),NoFap / Reboot,https://www.youtube.com/watch?v=s44HF3dKSx0,"Consequence-focused videos work best as a nudge for people still deciding, and badly as fuel for people already trying. If you're already in it, dwelling on worst cases tends to raise anxiety, and anxiety is a trigger. Know which of those two you are before pressing play.",
49,NoFap's Alexander Rhodes explains how porn addiction is impacting a generation,NoFap / Reboot,https://www.youtube.com/watch?v=eot_61u43Gc,"Interesting historically regardless of what you make of NoFap as a community. He started it as a forum thread and it became a very large support network, with all the good and bad that implies. The peer support is real; some of the physiological claims that grew up around it are not well supported.",
50,Your Brain Rebalanced Radio S02E05: Alex Rhodes (NoFap founder) and Mark Queppet,NoFap / Reboot,https://www.youtube.com/watch?v=AGHex1jgshs,"Good listen if you want the origin story rather than advice. Also a decent illustration of how fast an internet community generates its own folklore, some of which is genuinely useful and some of which is just confidently repeated until it sounds like fact.",
51,Alexander Rhodes (playlist),NoFap / Reboot,https://www.youtube.com/playlist?list=PL7aTMa-qEZRLr7HliULP8J_Ek2gM-i_AM,"Playlist rather than a single video. Worth remembering when working through community-founder content that founders are advocates, not neutral summarisers. Useful perspective, just not the one to rely on for whether a specific claim holds up.",
52,Porn Addiction Coach - Noah Church,NoFap / Reboot,https://www.youtube.com/watch?v=MmuDe_Og37g,"Coaching content is worth evaluating the same way you'd evaluate a therapist: what's the actual method, what happens if it doesn't work, and is there anything they'd tell you they can't help with. Good ones answer all three. Be a bit wary of ones that don't.",
53,How & Why To Stop Watching Porn with Noah B.E. Church,NoFap / Reboot,https://www.youtube.com/watch?v=EMmcuHbWFWg,"He's open about starting young and about the erectile issues, which is the part a lot of men won't say out loud and then assume they're uniquely broken. Hearing someone name it plainly is often the thing that finally gets people to a doctor.",
54,"Noah B.E. Church Interview, Author of 'Wack: Addicted to Internet Porn'",NoFap / Reboot,https://www.youtube.com/watch?v=wcgJeI7BQcg,"If the book is what brought you here, the short version is that it's a first-person account rather than a clinical text. Useful for recognition, less useful as a treatment plan. Both kinds of thing have a place, just know which one you're holding.",
55,Noah B.E. Church (channel),NoFap / Reboot,https://www.youtube.com/@noahb.e.church,"Channel rather than a single video. Reasonable one to subscribe to if you want a steady drip of this rather than binge-watching six hours of recovery content in one night, which, speaking practically, is usually a form of procrastination.",
56,How Porn Hooks Your Brain - The Addiction Loop Explained,Neuroscience,https://www.youtube.com/shorts/F_tNVNPpPkU,"Short and accurate enough on the loop. The bit worth adding is that the loop isn't only about pleasure, it's about anticipation. The seeking is the sticky part, which is why endless scrolling and tab-opening can feel more compulsive than whatever you're supposedly scrolling toward.",
57,Part 4: Dopamine: The Molecule of Addiction | Your Brain on Porn | Animated Series,Neuroscience,https://www.youtube.com/watch?v=bdiMFQk_aW8,"Solid on dopamine, and one correction to how this usually gets repeated: dopamine isn't the pleasure chemical, it's closer to the wanting chemical. That distinction explains the very common experience of compulsively doing something you're not even enjoying anymore.",
58,"#033 - Porn Addiction: Dopamine, Disgust, and Erectile Dysfunction (Gary Wilson)",Neuroscience,https://www.youtube.com/watch?v=EVFrMoN9pik,"Long-form conversation rather than a quick explainer, so save it for when you've got the time. The erectile dysfunction section seems to change behaviour most, probably because it's concrete and immediate in a way ""your reward system"" isn't.",
59,"How Porn Addiction Rewires Your Brain and Destroys Intimacy, Doctor Explains",Neuroscience,https://www.youtube.com/watch?v=vziyvvWW4eA,"Worth separating two claims that get blurred here: that heavy use can affect arousal to real partners, which has some evidence, and that it rewires your brain permanently, which is overstated. First one's worth taking seriously. Second one just adds fear without adding a plan.",
60,Porn Addiction Is Not About Sex - Neuroscience Explained,Neuroscience,https://www.youtube.com/watch?v=owvcbahb1IE,"The title's doing some heavy lifting but the point underneath is sound. For most people this isn't primarily about sexual desire, it's about regulating something else. If you've ever done it while not remotely in the mood, you already know this is true.",
61,Why Porn Is Addictive: Dopamine And Brain Chemistry Explained,Neuroscience,https://www.youtube.com/watch?v=1n7LQt8wTKs,"Decent explainer. One thing to watch for across this whole category: brain-scan language sounds authoritative and is easy to overstate. ""Lights up"" is not a finding. If the science is what convinces you, it's worth learning to read it a bit sceptically.",
62,Part 1-5: Your Brain on Porn | Animated Series (full),Your Brain on Porn (Gary Wilson),https://www.youtube.com/watch?v=i6gk4lW1hPo,Useful compilation if you want the whole animated series in one sitting. Fair warning that the underlying model is Gary Wilson's and it's disputed by a chunk of the research community. Good explanation of a particular theory rather than a neutral summary of the evidence.,
63,Part 1: Introduction | Your Brain on Porn | Animated Series,Your Brain on Porn (Gary Wilson),https://www.youtube.com/watch?v=e2mhQf8RjQs,"Good entry point to the series. Animated explainers are genuinely useful here because the mechanism is abstract, and abstract things are easier to dismiss when they're just words on a screen.",
64,Part 2: The Coolidge Effect | Your Brain on Porn | Animated Series,Your Brain on Porn (Gary Wilson),https://www.youtube.com/watch?v=EQuppzt1yEc,"The Coolidge effect is real and well documented in animals, and the leap to human internet use is the contested part. Worth watching and worth noticing exactly where the argument moves from observed data to plausible-sounding extension.",
65,Part 3: The Reward Circuit | Your Brain on Porn | Animated Series,Your Brain on Porn (Gary Wilson),https://www.youtube.com/watch?v=uSEo2miwnZQ,"Reward circuitry explained clearly enough for a general audience, which is harder than it looks. If you've been told ""it's just a bad habit"" and that never quite fit your experience, this is a decent counterweight.",
66,Part 5: Pornography Addiction Test | Your Brain on Porn | Animated Series,Your Brain on Porn (Gary Wilson),https://www.youtube.com/watch?v=26_BGVm2M0k,"Self-tests are best used as a conversation starter with an actual professional rather than as a diagnosis. Bear in mind there's no formally recognised ""porn addiction"" diagnosis in the DSM, though ICD-11 does include compulsive sexual behaviour disorder. That distinction matters if you're seeking treatment.",
67,Your Brain On Porn (Animated Summary) | Gary Wilson,Your Brain on Porn (Gary Wilson),https://www.youtube.com/watch?v=mDwE8jYnw2M,"Good summary version if you don't want the full series. As with all of these, worth pairing with one critical source so you're not getting a single model presented as consensus.",
68,Your Brain on Porn by Gary Wilson - Book Summary,Your Brain on Porn (Gary Wilson),https://www.youtube.com/watch?v=yZK6eZCYH1Y,"Book summaries are handy but they flatten the caveats, and this is a topic where the caveats are most of the argument. If the summary convinces you, read the actual thing, and ideally read something that disagrees with it too.",
69,Remembering Gary Wilson of Your Brain On Porn: My Friend & Hero,Your Brain on Porn (Gary Wilson),https://www.youtube.com/watch?v=kXaqKRbKfog,"Wilson died in 2021. Whatever you make of his conclusions, he did get a lot of men to talk about something they were carrying silently, and that part stands independently of how the science eventually shakes out.",
70,Part 3: The Reward Circuit | Your Brain on Porn in Urdu | Animated Series,Your Brain on Porn (Gary Wilson),https://www.youtube.com/watch?v=AHEhXjEvU3A,"Good to see this translated. Access is a real barrier in this space, most of the decent material is English-only, so subtitled and translated versions genuinely matter for people who'd otherwise have nothing.",
71,Gary Wilson | Your Brain On Porn (Episode 158),Your Brain on Porn (Gary Wilson),https://www.youtube.com/watch?v=xL2gHbpPMtg,"Longer interview format, which suits this better than a ten-minute video. Worth listening to the whole thing rather than clipping it, because the qualifications he adds are usually in the parts that don't survive short-form edits.",
72,The Mechanism of Addiction - Your Brain on Porn - Animated Series Part 1-8,Your Brain on Porn (Gary Wilson),https://www.youtube.com/watch?v=7vQqOb1RPEs,"Handy if you want the extended cut. One general note on animated explainers: the clarity is the selling point and also the risk, because a clean diagram can make a contested hypothesis look like established mechanism. Enjoy the clarity, keep the uncertainty.",
73,Porn Addiction Is Misunderstood: How To Actually Stop - Dr. K Healthy Gamer,Dr. K / HealthyGamerGG,https://www.youtube.com/watch?v=y1CkUhfHSxQ,"The genuinely useful reframe is that the behaviour is often solving something. That's not permission, it's a direction. If you remove the solution without addressing what it was solving, you've made your week worse and changed nothing structural.",
74,Helping Viewers with Porn Addiction,Dr. K / HealthyGamerGG,https://www.youtube.com/watch?v=e1ndqAkiQZo,"Live-call format, which makes it more useful than a lecture for a lot of people. Hearing someone describe the exact thing you thought only you did is a specific kind of relief that reading about it doesn't replicate.",
75,Why Pornography Addiction is MISUNDERSTOOD (It's NOT What You Think) With Dr K,Dr. K / HealthyGamerGG,https://www.youtube.com/watch?v=jWIWFB3Ber8,"He's a psychiatrist, and the ""misunderstood"" part is mostly aimed at the fear-based version of this conversation. If you've bounced off the moralising takes, this is a more clinical framing that might actually land.",
76,The Neuroscience Of Porn Addiction: How To Actually Stop - Dr. K Healthy Gamer,Dr. K / HealthyGamerGG,https://www.youtube.com/watch?v=jR1IDcdC2DM,"Good on the mechanism. The practical takeaway buried in the neuroscience is that reducing cue exposure beats increasing resistance, every time. You are not going to out-discipline a feed built by people who are very good at their jobs.",
77,Dr. K Healthy Gamer Talks About Porn Addiction,Dr. K / HealthyGamerGG,https://www.youtube.com/watch?v=qlQx-Dk7Q3E,"Worth watching alongside his other videos on this. He's fairly careful about not overclaiming, which is unusual for the genre and makes the claims he does make more credible.",
78,Sexuality and Porn | Healthy Gamer (playlist),Dr. K / HealthyGamerGG,https://www.youtube.com/playlist?list=PLYxtGyYUCbEEcbuWAXjOsqp8iB0Lf3K8_,"Playlist covering the broader sexuality material rather than just compulsive use, which is a useful distinction. A lot of distress in this area is actually about shame around ordinary sexuality, not about compulsion at all.",
79,How your diet combats p**n addiction,Dr. K / HealthyGamerGG,https://www.youtube.com/watch?v=Jq74p0Z2o5A,"Diet framing is a stretch as a direct causal link, but there's a real indirect version: blood sugar crashes, poor sleep and low energy all degrade impulse control. Not magic. Just the unglamorous physical baseline doing a lot of quiet work.",
80,Biggest Predictor Of P*rn Addiction | Dr K Healthy Gamer,Dr. K / HealthyGamerGG,https://www.youtube.com/watch?v=pjbDuKwj1wA,"Worth noting predictors are population-level statistics, not verdicts on individuals. Useful for understanding risk in general, useless for predicting what you specifically can do. Don't read a statistic as a sentence.",
81,The Science Of Screen Addiction & How To Stop - Dr K Healthy Gamer,Dr. K / HealthyGamerGG,https://www.youtube.com/watch?v=HYiG2m8fSiE,"Broader screen-addiction framing, which is often more useful than treating porn as an isolated category. For a lot of people it sits inside a general pattern of using a screen to not feel something, and treating only one branch leaves the trunk.",
82,The Porn Addiction Crisis No One Wants to Talk About - Dr. K,Dr. K / HealthyGamerGG,https://www.youtube.com/watch?v=dm2qDrb3UVo,"The ""nobody wants to talk about it"" framing is a bit overdone by now given how much content exists, but the substance is solid. He's a psychiatrist and it shows in how carefully he hedges.",
83,Can Pornography Cause Erectile Dysfunction? | Top Tips to Naturally Reverse ED,Porn-Induced ED (PIED),https://www.youtube.com/watch?v=QKMbNHddceA,"If this brought you here because of an actual erectile problem, please also see a doctor. Porn-related causes are plausible, and there are also cardiovascular and hormonal causes that need ruling out. Those are the ones where delay actually costs you something.",
84,Porn-Induced Erectile Dysfunction Is Real - Joe Rogan Was Right About NoFap,Porn-Induced ED (PIED),https://www.youtube.com/watch?v=jBy7JzIf4TY,"Fair to note this remains genuinely contested among researchers rather than settled. The honest position is that many young men report it, the mechanism is plausible, and the evidence is weaker than confident videos imply. Worth taking seriously and worth not catastrophising.",
85,Day 13: Porn-Induced Erectile Dysfunction: How to Heal It w/ Dr. Trish Leigh,Porn-Induced ED (PIED),https://www.youtube.com/watch?v=IbqL6BzZ4rg,"Practical thing not always said clearly enough: if you're rebooting and worried about function, the anxiety itself becomes a major contributor. Performance anxiety is a well-established cause of ED entirely on its own, and monitoring yourself for signs of recovery feeds it.",
86,The Truth Of Porn Induced ED (PIED) - Dr. Trish Leigh,Porn-Induced ED (PIED),https://www.youtube.com/watch?v=YDM9I5yn4ZE,"Worth pairing with an actual urologist's take. Neuroscience framing is useful, but ED has a differential diagnosis, and ""it's the porn"" is a conclusion you should reach by elimination rather than assumption.",
87,Can Watching Porn Cause Erectile Dysfunction? - Doctor Explains,Porn-Induced ED (PIED),https://www.youtube.com/watch?v=aqbauFKg-SI,"Good to have a doctor answering this plainly. The short version most medical sources land on is that it's possible, probably less common than the internet suggests, and worth investigating properly rather than self-diagnosing from YouTube.",
88,Porn Induced Erectile Dysfunction - Dr. Kelkar (MD) Psychiatrist,Porn-Induced ED (PIED),https://www.youtube.com/watch?v=kbdy7RKZBSo,"Useful to have this in Hindi and from a psychiatrist. Language access is a genuine gap here, and a lot of people get their entire understanding of this from whatever happens to exist in their language, accurate or not.",
89,The Truth About Porn-Induced Erectile Dysfunction (From a Sex Therapist),Porn-Induced ED (PIED),https://www.youtube.com/watch?v=eUFfugscMOU,"Sex therapists tend to give the most grounded take on this because they see the full range, including the many cases where porn isn't the cause at all. Good corrective if you've only been consuming recovery-community content.",
90,How To Overcome Porn Induced Erectile Dysfunction,Porn-Induced ED (PIED),https://www.youtube.com/watch?v=qaB9k7-0NgQ,"The bit worth holding onto is that recovery of function, when porn is genuinely the driver, tends to be gradual and non-linear. Expecting a switch to flip on a particular day sets you up to read a normal bad night as total failure.",
91,Is Porn The Reason For Your Erectile Dysfunction? The Science Explained,Porn-Induced ED (PIED),https://www.youtube.com/watch?v=QV8e43LV7fc,"Reasonable overview. If you take one thing: whether to masturbate without porn during a reboot is a genuinely open question among people who work in this, and you'll find confident opposite answers. Don't let one creator's rule become something you feel guilty about breaking.",
92,Porn Induced Erectile Dysfunction - New Age of Tech,Porn-Induced ED (PIED),https://www.youtube.com/watch?v=UbzoFAiyWNs,"Reasonable framing of it as a modern-conditions problem rather than a personal defect. Unlimited novelty on demand is genuinely new, and it's fair to notice human arousal systems didn't evolve with it in mind, without concluding you're broken.",
93,Coach Noah Church on How to Recover from Porn-Induced ED,Porn-Induced ED (PIED),https://www.youtube.com/watch?v=HlpYNYRBLw4,"Coach rather than clinician, which is worth knowing when weighing the advice. Not a knock, there's plenty of useful lived-experience knowledge in this space, just a different thing from clinical training and worth being clear which you're getting.",
94,How to CURE a porn addiction? - Doctor Explains,Clinical / Therapy,https://www.youtube.com/watch?v=RgKhA2qDdBg,"""Cure"" is the wrong word for most behavioural stuff and it sets a strange bar. Management that holds for years is the realistic and genuinely good outcome. Framing it as cure-or-failure is how people talk themselves out of counting real progress.",
95,Porn Addiction Therapy Treatment And Recovery,Clinical / Therapy,https://www.youtube.com/watch?v=nkRNxS0dr9g,"Useful if you're deciding whether to seek treatment at all. One thing worth knowing: you don't need to meet some threshold of severity to justify seeing someone. ""This bothers me and I'd like it to stop"" is a sufficient reason.",
96,Pornography Addiction Recovery: The Basics,Clinical / Therapy,https://www.youtube.com/watch?v=TR6b8t5veo4,Aimed at clinicians but genuinely useful for anyone who wants to know what treatment actually involves rather than what it's imagined to involve. Demystifying it makes people more likely to go.,
97,TREATING PORNOGRAPHY ADDICTION,Clinical / Therapy,https://www.youtube.com/watch?v=avrC8mifXug,"Worth knowing the clinical picture is contested. Some practitioners treat this as an addiction, some as a compulsivity issue, some as primarily a shame-and-values conflict. Those lead to different treatments, which is a good thing to ask about before committing to one.",
98,Pornography Addiction EXPERT Shares Top Relapse Prevention Strategies,Clinical / Therapy,https://www.youtube.com/watch?v=HZOcI8zxVKs,"Relapse prevention is the part people skip because it's less exciting than quitting, and it's the part that determines whether any of it lasts. Making a plan for the bad night while you're having a good day is the whole trick.",
99,Break the Cycle of Pornography Addiction | Ryan Soave & Dr. Andrew Huberman,Clinical / Therapy,https://www.youtube.com/watch?v=wvCTiY4clyM,"Soave's background is in treatment programmes and it shows in how practical this is. The shame section in particular is worth the time, because shame is the mechanism that converts one slip into a week.",
100,What Porn Addiction Recovery Actually Looks Like,Clinical / Therapy,https://www.youtube.com/watch?v=Uv_0ntbirEw,"Good honest title. The gap between what people imagine recovery looks like and what it actually looks like causes a lot of unnecessary quitting. It's mostly unremarkable and occasionally hard, not a dramatic arc.",
101,Therapist Reveals the Relationship Between Adult Entertainment and Addiction,Clinical / Therapy,https://www.youtube.com/shorts/IAJa22JFeWM,"Short but the point stands. Therapists who work in this generally see far more shame-related distress than clinical compulsion, which is a genuinely important distinction for how you approach your own situation.",
102,Porn Addiction: Treatment Without Shame (Clip),Clinical / Therapy,https://www.youtube.com/watch?v=RKNXejsZmtM,"The without-shame framing matters more than it sounds. Shame reliably predicts worse outcomes, not better ones, which is counterintuitive if you grew up believing that feeling bad enough is what makes you stop.",
103,Compulsive Sexual Behavior Disorder ICD-11,Clinical / Therapy,https://www.youtube.com/watch?v=4mvK8dXpW24,"Useful for anyone who wants the actual diagnostic language rather than internet terminology. CSBD is in ICD-11, it is not the same as ""porn addiction,"" and the criteria centre on failure to control impulses over time plus real-world harm. Handy to know if you're talking to a clinician.",
104,Dr. Stephanie Carnes discusses Compulsive Sexual Behavior Disorder,Clinical / Therapy,https://www.youtube.com/watch?v=UvdUaIC8NH0,"Stephanie Carnes works in this clinically and the precision is the value here. If you've only encountered this topic through recovery creators, hearing how it's actually defined and assessed in practice is a useful recalibration.",
105,Sex and Pornography Addiction - Cognitive Behavioral Therapy for Recovery,Clinical / Therapy,https://www.youtube.com/watch?v=r46H-PU5nUs,"CBT is the approach with the most evidence behind it for compulsive sexual behaviour, so it's good to see it explained properly rather than repackaged as a mindset hack. The homework is the active ingredient, not the insight.",
106,How CBT Can Help You Overcome Porn Addiction?,Clinical / Therapy,https://www.youtube.com/watch?v=v5kSxRM4Qrk,"Good plain explanation. The part worth internalising is that CBT isn't about arguing yourself out of urges, it's about changing what you do in the gap between trigger and action. That gap is trainable even when the urge isn't.",
107,From Dependence to Freedom - A Clinical Perspective on Pornography Addiction Recovery,Clinical / Therapy,https://www.youtube.com/watch?v=wKC1WP9LxoY,"Clinical framing rather than motivational, which suits some people much better. If every video you've watched has felt either preachy or hyped, something written for practitioners can be a relief.",
108,Overcoming Porn Addiction (playlist),Clinical / Therapy,https://www.youtube.com/playlist?list=PLcB3trehXswgb5606nBxNYdItUT1xVHAT,"Playlist rather than a single video. If you're working through a structured set like this, one suggestion: keep a note of the specific techniques you actually attempted, because otherwise a month later it feels like you've tried everything when you've mostly just listened.",
109,"Integrating CBT, ACT & Mindfulness Based Therapy for Substance Use Disorders",Clinical / Therapy,https://www.youtube.com/watch?v=vgHgErJRric,"Broader than porn specifically, which is the point. Compulsive behaviours share a lot of machinery, and treatments developed for substance use often transfer. Useful if your situation involves more than one thing, which is common.",
110,Escape the Grip of Porn Addiction - 10 Powerful Recovery Tips,Clinical / Therapy,https://www.youtube.com/watch?v=2i9SOiBdpWY,"Lists of ten tips are only useful if you pick one. Genuinely, pick one, do it for two weeks, then come back for the next. The reason these lists don't work isn't that the tips are bad, it's that nobody implements ten things at once.",
111,The 3 Stages of Porn Addiction Recovery,Clinical / Therapy,https://www.youtube.com/watch?v=dXfLDUFt7jg,"Stage models for recovery are more forgiving than stage models for addiction, but the same caveat applies: expect to move back and forth rather than forward. Regression between stages is standard and isn't a sign the process failed.",
112,How To Stop Relapse In Porn Addiction Recovery,Clinical / Therapy,https://www.youtube.com/watch?v=nM4eaaHW_HQ,"Worth pairing with something on what to do after, not just before. Most practical relapse-prevention work is really two plans: one for reducing the odds, one for keeping a slip from becoming a fortnight. The second is the one people never write down.",
113,Inpatient Sex Addiction Treatment Centers - Dr. Doug Weiss,Clinical / Therapy,https://www.youtube.com/watch?v=8wn4MdfWY_E,"Inpatient is a big step and worth knowing it exists, though it's aimed at a narrow slice of severity. For most people reading this, outpatient therapy or a group is the proportionate option. Knowing the full range makes it easier to pick honestly.",
114,Paradise Creek Recovery Center (channel),Clinical / Therapy,https://www.youtube.com/channel/UCXV0mgAd-nHjPk8wktY21fQ,"Treatment-centre channels are worth watching with the obvious caveat that they're also marketing. That doesn't make the clinical content wrong, plenty of it is solid, just read it knowing there's a service at the end of the funnel.",
